,genres,imdb,imdb_id,metascore,movid,movie,plot,votes,year
0,"['Biography', 'Drama', 'Sport']",7.6,1210166,87,89492,Moneyball (2011),Oakland A's general manager Billy Beane's successful attempt to assemble a baseball team on a lean budget by employing computer-generated analysis to acquire new players.,320711,2011
1,"['Adventure', 'Drama', 'Horror']",5.7,374102,63,27822,Open Water (2003),Based on the true story of two scuba divers accidentally stranded in shark infested waters after their tour boat has left.,47529,2003
2,"['Comedy', 'Drama']",7.7,268126,83,5902,Adaptation. (2002),A lovelorn screenwriter becomes desperate as he tries and fails to adapt 'The Orchid Thief' by Susan Orlean for the screen.,163178,2002
3,"['Documentary', 'Crime']",8.4,1313104,84,71462,The Cove (2009),"Using state-of-the-art equipment, a group of activists, led by renowned dolphin trainer Ric O'Barry, infiltrate a cove near Taijii, Japan to expose both a shocking instance of animal abuse and a serious threat to human health.",44744,2009
4,"['Comedy', 'Romance']",6.4,2784678,81,118924,Top Five (2014),A comedian tries to make it as a serious actor when his reality television star fiancée talks him into broadcasting their wedding on her television show.,24539,2014
5,"['Drama', 'Fantasy', 'Mystery']",6.2,1837709,31,109191,Winter's Tale (2014),"A burglar falls for an heiress as she dies in his arms. When he learns that he has the gift of reincarnation, he sets out to save her.",48457,2014
6,"['Action', 'Adventure', 'Sci-Fi']",5.3,1617661,40,113345,Jupiter Ascending (2015),A young woman discovers her destiny as an heiress of intergalactic nobility and must fight to protect the inhabitants of Earth from an ancient and destructive industry.,163806,2015
7,"['Horror', 'Mystery', 'Thriller']",6.1,117658,42,8035,La sindrome di Stendhal (1996),A young policewoman slowly goes insane while tracking down an elusive serial rapist/killer through Italy when she herself becomes a victim of the brutal man's obsession.,6606,1996
8,"['Action', 'Crime', 'Drama']",5.8,338325,38,8835,Paparazzi (2004),A rising Hollywood actor decides to take personal revenge against a group of four persistent photographers to make them pay for almost causing a personal tragedy involving his wife and son.,14043,2004
9,"['Comedy', 'Drama', 'Romance']",7,120631,66,2125,EverAfter (1998),"Andy Tennant directed this Cinderella variant. The Brothers Grimm arrive at the home of a wealthy Grande Dame (Jeanne Moreau) who speaks of the many legends surrounding the fable of the ...
                    See full summary »",64029,1998
10,"['Drama', 'History']",6.2,1726738,57,91981,Zhao shi gu er (2010),"To save the only child of the Zhao Family, whose entire clan was massacred at the hands of a nefarious minister, a doctor sacrifices his own son; after the Zhao child grows up, the doctor becomes intent on seeking his vengeance.",1996,2010
11,"['Action', 'Drama', 'History']",7.2,120036,71,1465,Rosewood (1997),A dramatization of a 1923 horrific racist lynch mob attack on an African-American community.,6796,1997
12,"['Comedy', 'Crime', 'Drama']",7.9,780536,67,57669,In Bruges (2008),"Guilt-stricken after a job gone wrong, hitman Ray and his partner await orders from their ruthless boss in Bruges, Belgium, the last place in the world Ray wants to be.",356095,2008
13,"['Animation', 'Adventure', 'Comedy']",6.4,1482459,46,93272,The Lorax (2012),"A 12-year-old boy searches for the one thing that will enable him to win the affection of the girl of his dreams. To find it he must discover the story of the Lorax, the grumpy yet charming creature who fights to protect his world.",88720,2012
14,"['Comedy', 'Drama', 'War']",6.7,159272,79,3302,Beautiful People (1999),"In London, during October 1993, England is playing Holland in the preliminaries of the World Cup. The Bosnian War is at its height, and refugees from the ex-Yugoslavia are arriving. ...
                    See full summary »",2306,1999
15,"['Action', 'Thriller']",6,2446042,26,120635,Taken 3 (2014),"Ex-government operative Bryan Mills is accused of a ruthless murder he never committed or witnessed. As he is tracked and pursued, Mills brings out his particular set of skills to find the true killer and clear his name.",161816,2014
16,"['Drama', 'War']",6.5,120716,40,2882,Jakob the Liar (1999),"In 1944 Poland, a Jewish shop keeper named Jakob is summoned to ghetto headquarters after being caught out near curfew. While waiting for the German Kommondant, Jakob overhears a German ...
                    See full summary »",14035,1999
17,"['Comedy', 'Fantasy', 'Mystery']",7,117561,44,1546,Schizopolis (1996),"Fletcher Munson, the lethargic employee of a pseudo-religious self help company, and his doppelganger, the friendly but dull dentist Dr. Jeffrey Korchek.",4802,1996
18,"['Biography', 'Crime', 'Drama']",7.5,7349662,83,189713,BlacKkKlansman (2018),"Ron Stallworth, an African American police officer from Colorado Springs, CO, successfully manages to infiltrate the local Ku Klux Klan branch with the help of a Jewish surrogate who eventually becomes its leader. Based on actual events.",96332,2018
19,"['Comedy', 'Sport']",6.5,191397,30,3861,The Replacements (2000),"During a pro football strike, the owners hire substitute players.",53551,2000
20,"['Comedy', 'Crime']",5.9,289848,37,5900,Analyze That (2002),"Mobster Paul Vitti is released into Dr. Ben Sobol's care, where only more chaos ensues.",77114,2002
21,"['Drama', 'Mystery', 'Thriller']",7.2,1139328,77,74545,The Ghost Writer (2010),"A ghost writer, hired to complete the memoirs of a former British Prime Minister, uncovers secrets that put his own life in jeopardy.",146912,2010
22,"['Biography', 'Drama', 'Family']",7.7,308644,67,8970,Finding Neverland (2004),The story of Sir J.M. Barrie's friendship with a family who inspired him to create Peter Pan.,189456,2004
23,"['Drama', 'Romance']",6.7,114887,54,207,A Walk in the Clouds (1995),A married soldier returning from World War II poses as a pregnant woman's husband to save her from her father's anger and honor.,28400,1995
24,"['Biography', 'Drama']",7.5,338751,77,30812,The Aviator (2004),A biopic depicting the early years of legendary Director and aviator Howard Hughes' career from the late 1920s to the mid 1940s.,302930,2004
25,"['Animation', 'Adventure', 'Comedy']",7.6,6335734,65,177939,Yoru wa mijikashi aruke yo otome (2017),"The story of the titular girl known only as ""Otome"" and her insanely long night of partying and drinking-complete with a book fair, festival, and many adventures in between. It is also the ...
                    See full summary »",1744,2017
26,"['Adventure', 'Drama', 'Fantasy']",8,319061,58,7147,Big Fish (2003),A frustrated son tries to determine the fact from fiction in his dying father's life.,385484,2003
27,"['Drama', 'Romance']",7.3,1020773,82,81786,Copie conforme (2010),"In Tuscany to promote his latest book, a middle-aged British writer meets a French woman who leads him to the village of Lucignano. While there, a chance question reveals something deeper.",17821,2010
28,"['Drama', 'War']",7.5,460989,82,47894,The Wind that Shakes the Barley (2006),"Against the backdrop of the Irish War of Independence, two brothers fight a guerrilla war against British forces.",41877,2006
29,"['Comedy', 'Crime', 'Drama']",7.6,105151,86,2289,The Player (1992),"A Hollywood studio executive is being sent death threats by a writer whose script he rejected, but which one?",48681,1992
30,"['Action', 'Comedy', 'Horror']",6.9,2832470,59,116668,Død snø 2 (2014),"Still on the run from a group of Nazi zombies, a man seeks the aid of a group of American zombie enthusiasts, and discovers new techniques for fighting the zombies.",20144,2014
31,"['Adventure', 'Drama', 'Romance']",7.2,2459156,71,115828,Copenhagen (2014),"When the girl of your dreams is half your age, it's time to grow up.",11218,2014
32,"['Drama', 'Thriller']",6.8,1682180,58,101088,Stoker (2013),"After India's father dies, her Uncle Charlie, whom she never knew existed, comes to live with her and her unstable mother. She comes to suspect this mysterious, charming man has ulterior motives and becomes increasingly infatuated with him.",96243,2013
33,"['Comedy', 'Drama', 'Romance']",7.1,1176740,58,66665,Away We Go (2009),"A couple who is expecting their first child travel around the U.S. in order to find a perfect place to start their family. Along the way, they have misadventures and find fresh connections with an assortment of relatives and old friends who just might help them discover ""home"" on their own terms for the first time.",49401,2009
34,"['Mystery', 'Thriller']",8.5,209144,80,4226,Memento (2000),A man with short-term memory loss attempts to track down his wife's murderer.,1012216,2000
35,"['Animation', 'Action', 'Adventure']",7.8,3606756,80,187541,Incredibles 2 (2018),"The Incredibles hero family takes on a new mission, which involves a change in family roles: Bob Parr (Mr Incredible) must manage the house while his wife Helen (Elastigirl) goes out to save the world.",170272,2018
36,"['Comedy', 'Drama']",4.3,1385912,55,71268,I Can Do Bad All by Myself (2009),"When Madea catches sixteen-year-old Jennifer and her two younger brothers looting her home, she decides to take matters into her own hands and delivers the young delinquents to the only ...
                    See full summary »",9078,2009
37,"['Comedy', 'Drama', 'Romance']",5.9,491152,36,86817,Something Borrowed (2011),"Friendships are tested and secrets come to the surface when terminally single Rachel falls for Dex, her best friend Darcy's fiancé.",53595,2011
38,"['Comedy', 'Sport']",5.8,408524,65,34321,Bad News Bears (2005),A grizzled little league coach tries to turn his team of misfits into champs.,19066,2005
39,['Drama'],7.3,145653,54,3179,Angela's Ashes (1999),"Based on the best-selling autobiography by Irish expatriate Frank McCourt, Angela's Ashes follows the experiences of young Frankie and his family as they try against all odds to escape the ...
                    See full summary »",18914,1999
40,"['Comedy', 'Drama']",7.4,185014,73,3317,Wonder Boys (2000),"An English Professor tries to deal with his wife leaving him, the arrival of his editor who has been waiting for his book for seven years, and the various problems that his friends and associates involve him in.",58263,2000
41,"['Animation', 'Adventure', 'Family']",7.6,120762,71,1907,Mulan (1998),"To save her father from death in the army, a young maiden secretly goes in his place and becomes one of China's greatest heroines in the process.",215902,1998
42,"['Drama', 'Fantasy', 'Romance']",5.6,1152398,40,82152,Beastly (2011),"A modern-day take on the ""Beauty and the Beast"" tale where a New York teen is transformed into a hideous monster in order to find true love.",71720,2011
43,"['Action', 'Adventure', 'Western']",6.9,2404435,54,162350,The Magnificent Seven (2016),Seven gunmen in the old west gradually come together to help a poor village against savage thieves.,163787,2016
44,"['Comedy', 'Drama', 'Romance']",6.5,2113659,49,122932,Elsa & Fred (2014),"""Elsa and Fred"" is the story of two people who at the end of the road, discover that it's never too late to love and make dreams come true. Elsa has lived for the past 60 years dreaming of ...
                    See full summary »",2662,2014
45,"['Comedy', 'Drama']",6.8,154421,47,3569,Idioterne (1998),"The group of people gather at the house in Copenhagen suburb to break all the limitations and to bring out the ""inner idiot"" in themselves.",27449,1998
46,"['Comedy', 'Drama']",6.8,120238,62,1454,SubUrbia (1996),A group of suburban teenagers try to support each other through the difficult task of becoming adults.,8182,1996
47,['Drama'],7.5,119349,72,1635,The Ice Storm (1997),"In suburban New Canaan, Connecticut, 1973, middle class families experimenting with casual sex and substance abuse find their lives beyond their control.",50395,1997
48,"['Crime', 'Drama', 'Thriller']",7.5,445620,71,41527,Paradise Now (2005),Two childhood friends are recruited for a suicide bombing in Tel Aviv.,21248,2005
49,"['Comedy', 'Drama']",7,299117,75,5792,Roger Dodger (2002),"After breaking up with his lover and boss, a smooth-talking man takes his teenaged nephew out on the town in search of sex.",16247,2002
50,"['Action', 'Adventure', 'Comedy']",7.3,362270,62,30810,The Life Aquatic with Steve Zissou (2004),"With a plan to exact revenge on a mythical shark that killed his partner, Oceanographer Steve Zissou rallies a crew that includes his estranged wife, a journalist, and a man who may or may not be his son.",163518,2004
51,"['Drama', 'Romance']",7.4,1193138,83,72011,Up in the Air (2009),"Ryan Bingham enjoys living out of a suitcase for his job, travelling around the country firing people, but finds that lifestyle threatened by the presence of a potential love interest, and a new hire.",297624,2009
52,"['Animation', 'Adventure', 'Comedy']",4.2,131704,36,3754,The Adventures of Rocky & Bullwinkle (2000),"When enemies Boris, Natasha, and Fearless Leader escape into the real world with a nefarious scheme, Rocky and Bullwinkle do the same, and team up with a young F.B.I. Agent to stop the trio.",18152,2000
53,"['Animation', 'Comedy', 'Musical']",5.3,271263,23,5879,Eight Crazy Nights (2002),"Davey Stone, an alcoholic with a criminal record, is sentenced to community service under the supervision of an elderly referee. Davey is then faced with trying to reform and abandon his bad habits.",20146,2002
54,"['Comedy', 'Drama']",5.6,280460,48,5610,The Banger Sisters (2002),"Lavinia and Suzette, former rock groupies and best friends, reconnect after twenty years; one is still as wild as ever, while the other has adopted a more conservative lifestyle.",13684,2002
55,"['Drama', 'Sport']",6.8,1012804,69,59336,Redbelt (2008),"A fateful event leads to a job in the film business for top mixed-martial arts instructor Mike Terry. Though he refuses to participate in prize bouts, circumstances conspire to force him to consider entering such a competition.",19670,2008
56,"['Adventure', 'Comedy', 'Crime']",5.7,2024432,35,100390,Identity Thief (2013),Mild mannered businessman Sandy Patterson travels from Denver to Florida to confront the deceptively harmless looking woman who has been living it up after stealing Sandy's identity.,112573,2013
57,"['Comedy', 'Horror', 'Thriller']",4.8,1865393,43,118270,Hellbenders (2012),"The Augustine Interfaith Order of Hellbound Saints, a team of blasphemous ministers who live in a constant state of debauchery, work to drag the worst of demons back to Hell.",1222,2012
58,"['Action', 'Crime', 'Thriller']",6.3,388482,56,36519,Transporter 2 (2005),"Mercenary Frank Martin, who specializes moving goods of all kinds, surfaces again this time in Miami, Florida when he's implicated in the kidnapping of the young son of a powerful USA official.",177260,2005
59,"['Crime', 'Drama', 'Mystery']",7.1,473705,64,68159,State of Play (2009),"When a congressional aide is killed, a Washington D.C. journalist starts investigating the case involving the congressman, his old college friend.",125392,2009
60,"['Animation', 'Adventure', 'Comedy']",5.5,243585,66,5480,Stuart Little 2 (2002),Stuart and Snowbell set out across town to rescue a friend.,44438,2002
61,"['Crime', 'Drama', 'Thriller']",7.7,765443,82,55118,Eastern Promises (2007),A Russian teenager living in London who dies during childbirth leaves clues to a midwife in her journal that could tie her child to a rape involving a violent Russian mob family.,211604,2007
62,"['Action', 'Crime', 'Drama']",7.1,120784,46,2490,Payback (1999),"After a successful heist, Porter is shot by his wife and his best friend. They leave him there to die but when he recovers, he seeks revenge and wants his share of the money.",123434,1999
63,"['Comedy', 'Family', 'Fantasy']",4.3,255477,11,5990,Pinocchio (2002),"Despite guidance from the Blue Fairy and the love of his father, a wooden puppet's curious spirit leads him into one wild adventure after another.",7150,2002
64,"['Drama', 'Family']",8,2543472,66,180095,Wonder (2017),"Based on the New York Times bestseller, this movie tells the incredibly inspiring and heartwarming story of August Pullman, a boy with facial differences who enters the fifth grade, attending a mainstream elementary school for the first time.",104088,2017
65,"['Crime', 'Drama', 'Thriller']",7.2,222851,47,4640,Brother (2000),"A Japanese gangster is exiled to Los Angeles where his brother lives with a small but respectable multi-racial gang, who he inspires to expand their influence.",20394,2000
66,"['Action', 'Adventure', 'Family']",5.7,1075417,52,70305,Race to Witch Mountain (2009),A Las Vegas cabbie enlists the help of a UFO expert to protect two siblings with paranormal powers from the clutches of an organization that wants to use the kids for their nefarious plans.,50222,2009
67,['Drama'],7.2,223897,40,3969,Pay It Forward (2000),A young boy attempts to make the world a better place after his teacher gives him that chance.,106226,2000
68,['Documentary'],7.9,1772925,77,93721,Jiro Dreams of Sushi (2011),"A documentary on 85-year-old sushi master Jiro Ono, his renowned Tokyo restaurant, and his relationship with his son and eventual heir, Yoshikazu.",30292,2011
69,"['Adventure', 'Comedy', 'Fantasy']",6.8,1054606,65,69951,The Imaginarium of Doctor Parnassus (2009),A traveling theater company gives its audience much more than they were expecting.,137343,2009
70,"['Biography', 'Drama', 'Thriller']",7.2,117039,60,991,Michael Collins (1996),"Neil Jordan's historical biopic of Irish revolutionary Michael Collins, the man who led a guerrilla war against the UK, helped negotiate the creation of the Irish Free State, and led the National Army during the Irish Civil War.",27262,1996
71,"['Biography', 'Drama', 'History']",6.7,437232,62,48879,Catch a Fire (2006),"A drama about terrorism in Apartheid-era South Africa, revolving around a policeman and a young man who carries out solo attacks against the regime.",9727,2006
72,"['Crime', 'Drama', 'Thriller']",7.6,109842,81,456,Fresh (1994),"Death and violence anger a twelve-year-old drug courier, who sets his employers against each other.",10976,1994
73,['Horror'],4.4,1467304,33,77427,The Human Centipede (First Sequence) (2009),"A mad scientist kidnaps and mutilates a trio of tourists in order to reassemble them into a human centipede, created by stitching their mouths to each others' rectums.",66716,2009
74,"['Drama', 'Romance']",7,245238,53,4389,Lost and Delirious (2001),A newcomer to a posh girls boarding school discovers that her two senior roommates are lovers.,18796,2001
75,"['Documentary', 'Action', 'Adventure']",6.9,379713,50,6938,Billabong Odyssey (2003),"Action sports documentary that follows the industry's best big wave surfers as they travel the world searching for the largest waves that nature has to offer. The journey spanned 18 months, 6 continents and produced up to 70 foot waves.",466,2003
76,"['Drama', 'Romance']",7.5,2053425,73,97024,De rouille et d'os (2012),"Put in charge of his young son, Alain leaves Belgium for Antibes to live with his sister and her husband as a family. Alain's bond with Stephanie, a killer whale trainer, grows deeper after Stephanie suffers a horrible accident.",57974,2012
77,"['Biography', 'Drama']",7.5,108065,89,529,Searching for Bobby Fischer (1993),A prepubescent chess prodigy refuses to harden himself in order to become a champion like the famous but unlikable Bobby Fischer.,26811,1993
78,"['Biography', 'Drama', 'Sport']",7.1,445990,63,47644,Invincible (2006),"Based on the story of Vince Papale, a 30-year-old bartender from South Philadelphia who overcame long odds to play for the NFL's Philadelphia Eagles in 1976.",59658,2006
79,"['Comedy', 'Drama', 'Fantasy']",6.7,102250,66,2108,L.A. Story (1991),"With the help of a talking freeway billboard, a wacky weatherman tries to win the heart of an English newspaper reporter, who is struggling to make sense of the strange world of early 1990s Los Angeles.",27553,1991
80,"['Biography', 'Drama']",8,790636,84,106100,Dallas Buyers Club (2013),"In 1985 Dallas, electrician and hustler Ron Woodroof works around the system to help AIDS patients get the medication they need after he is diagnosed with the disease.",395196,2013
81,['Drama'],7.1,2692904,81,110882,Locke (2013),"Ivan Locke, a dedicated family man and successful construction manager, receives a phone call on the eve of the biggest challenge of his career that sets in motion a series of events that threaten his carefully cultivated existence.",117963,2013
82,"['Comedy', 'Drama']",7.3,117802,71,1060,Swingers (1996),Wannabe actors become regulars in the stylish neo-lounge scene; Trent teaches his friend Mike the unwritten rules of the scene.,70193,1996
83,"['Action', 'Drama', 'Romance']",7,473444,70,50005,Man cheng jin dai huang jin jia (2006),"During China's Tang dynasty the emperor has taken the princess of a neighboring province as wife. She has borne him two sons and raised his eldest. Now his control over his dominion is complete, including the royal family itself.",39771,2006
84,"['Drama', 'Romance']",6.8,139134,56,2541,Cruel Intentions (1999),Two vicious step-siblings of an elite Manhattan prep school make a wager: to deflower the new headmaster's daughter before the start of term.,165920,1999
85,['Comedy'],6.5,2788710,52,119141,The Interview (2014),"Dave Skylark and his producer Aaron Rapaport run the celebrity tabloid show ""Skylark Tonight"". When they land an interview with a surprise fan, North Korean dictator Kim Jong-un, they are recruited by the CIA to assassinate him.",282772,2014
86,"['Action', 'Adventure', 'Sci-Fi']",7,369610,59,117529,Jurassic World (2015),"A new theme park, built on the original site of Jurassic Park, creates a genetically modified hybrid dinosaur, the Indominus Rex, which escapes containment and goes on a killing spree.",527757,2015
87,"['Drama', 'Horror', 'Mystery']",7.6,6644200,82,185029,A Quiet Place (2018),"In a post-apocalyptic world, a family is forced to live in silence while hiding from monsters with ultra-sensitive hearing.",268653,2018
88,"['Biography', 'Drama']",7.3,1023490,81,66744,Il divo - La spettacolare vita di Giulio Andreotti (2008),"The story of Italian politician Giulio Andreotti, who has served as Prime Minister of Italy seven times since the restoration of democracy in 1946.",14170,2008
89,"['Animation', 'Adventure', 'Drama']",7.7,1754656,70,143245,Le Petit Prince (2015),"A little girl lives in a very grown-up world with her mother, who tries to prepare her for it. Her neighbor, the Aviator, introduces the girl to an extraordinary world where anything is possible, the world of the Little Prince.",48606,2015
90,"['Comedy', 'Romance']",5.1,1956620,36,112788,Sex Tape (2014),"A married couple wake up to discover that the sex tape they made the evening before has gone missing, leading to a frantic search for its whereabouts.",98733,2014
91,"['Comedy', 'Crime', 'Sport']",5.3,424823,38,54732,Balls of Fury (2007),"Down-and-out former professional ping-pong phenom, Randy Daytona, is sucked into a maelstrom when FBI Agent Ernie Rodriguez recruits him for a secret mission. Randy is determined to bounce back and win, and to smoke out his father's killer -- arch-fiend Feng.",38560,2007
92,"['Drama', 'Sci-Fi', 'Thriller']",6.4,1470827,63,80917,Monsters (2010),"Six years after Earth has suffered an alien invasion, a cynical journalist agrees to escort a shaken American tourist through an infected zone in Mexico to the safety of the U.S. border.",83562,2010
93,"['Comedy', 'Romance']",5.5,2398249,60,112450,They Came Together (2014),A small business owner is about to lose her shop to a major corporate development.,19587,2014
94,"['Comedy', 'Crime']",4.7,421729,34,43558,Big Momma's House 2 (2006),An FBI agent reprises his disguise as a corpulent old lady and takes a job as a nanny in a crime suspect's house.,37145,2006
95,['Drama'],7.7,857191,79,59018,The Visitor (2007),A college professor travels to New York City to attend a conference and finds a young couple living in his apartment.,39946,2007
96,"['Action', 'Adventure', 'Sci-Fi']",5.5,1133985,39,87430,Green Lantern (2011),"Reckless test pilot Hal Jordan is granted an alien ring that bestows him with otherworldly powers that inducts him into an intergalactic police force, the Green Lantern Corps.",248915,2011
97,"['Comedy', 'Family']",5.5,116705,34,1359,Jingle All the Way (1996),"A father vows to get his son a Turbo Man action figure for Christmas. However, every store is sold out of them, and he must travel all over town and compete with everybody else in order to find one.",82805,1996
98,"['Action', 'Adventure', 'Sci-Fi']",6.2,4881806,51,187031,Jurassic World: Fallen Kingdom (2018),"When the island's dormant volcano begins roaring to life, Owen and Claire mount a campaign to rescue the remaining dinosaurs from this extinction-level event.",195300,2018
99,"['Comedy', 'Family', 'Fantasy']",6.3,413895,68,49647,Charlotte's Web (2006),"Wilbur the pig is scared of the end of the season, because he knows that come that time, he will end up on the dinner table. He hatches a plan with Charlotte, a spider that lives in his pen, to ensure that this will never happen.",32874,2006
100,"['Comedy', 'Drama', 'Horror']",6.7,457572,70,53468,Fido (2006),"In an Earthly world resembling the 1950s, a cloud of space radiation has shrouded the planet, resulting in the dead becoming zombies that desire live human flesh. A company called Zomcon ...
                    See full summary »",26957,2006
101,"['Horror', 'Thriller']",6.1,2103217,47,103219,Maniac (2012),"As he helps a young artist with her upcoming exhibition, the owner of a mannequin shop's deadly, suppressed desires come to the surface.",31922,2012
102,"['Comedy', 'Drama', 'Romance']",6.8,1571249,74,114074,The Skeleton Twins (2014),"Having both coincidentally cheated death on the same day, estranged twins reunite with the possibility of mending their relationship.",36274,2014
103,"['Crime', 'Horror', 'Thriller']",3.3,295254,16,5556,Feardotcom (2002),A New York City detective investigates mysterious deaths occurring 48 hours after users log onto a site named feardotcom.,18614,2002
104,"['Crime', 'Drama', 'Mystery']",6.7,112857,78,164,Devil in a Blue Dress (1995),"An African-American man is hired to find a woman, and gets mixed up in a murderous political scandal.",15583,1995
105,"['Drama', 'Thriller']",7.5,371280,81,7176,Talaye sorkh (2003),An Iranian pizza delivery man sees the worst of corruption and social unbalance in his city and is driven to crime.,4032,2003
106,"['Adventure', 'Comedy', 'Drama']",7,1753383,43,167380,A Dog's Purpose (2017),A dog looks to discover his purpose in life over the course of several lifetimes and owners.,50329,2017
107,"['Documentary', 'Biography']",6.6,436864,65,44511,Unknown White Male (2005),The true story of Doug Bruce who woke up on Coney Island with total amnesia. This documentary follows him as he rediscovers himself and the world around him.,1007,2005
108,"['Biography', 'Drama']",6.7,1035736,65,71619,Coco avant Chanel (2009),The story of Coco Chanel's rise from obscure beginnings to the heights of the fashion world.,36011,2009
109,"['Comedy', 'Sci-Fi']",5.3,106598,49,435,Coneheads (1993),Aliens with conical crania crash-land on Earth.,46409,1993
110,"['Comedy', 'Drama', 'Romance']",7.9,1655442,89,89904,The Artist (2011),An egomaniacal film star develops a relationship with a young dancer against the backdrop of Hollywood's silent era.,214762,2011
111,"['Comedy', 'Drama', 'Mystery']",6.5,230025,48,27306,Bartleby (2001),A clueless boss has no idea what to do with his mundane office worker whose refusal of duties only gets worse each passing minute.,1693,2001
112,"['Comedy', 'Drama', 'Romance']",7,1045670,84,59118,Happy-Go-Lucky (2008),"A look at a few chapters in the life of Poppy, a cheery, colorful, North London schoolteacher whose optimism tends to exasperate those around her.",35613,2008
113,"['Drama', 'Romance']",7.3,959337,69,65130,Revolutionary Road (2008),A young couple living in a Connecticut suburb during the mid-1950s struggle to come to terms with their personal problems while trying to raise their two children.,175021,2008
114,"['Comedy', 'Drama']",7.1,120885,73,1747,Wag the Dog (1997),"Shortly before an election, a spin-doctor and a Hollywood producer join efforts to fabricate a war in order to cover up a Presidential sex scandal.",73765,1997
115,"['Adventure', 'Comedy', 'Family']",4.6,368578,27,31422,Are We There Yet? (2005),"To impress a foxy divorcee, ladies' man Nick offers to take her kids on an extended road trip, unaware of the torture he's in for.",26308,2005
116,"['Crime', 'Drama', 'Mystery']",7.8,1924396,49,103235,La migliore offerta (2013),A lonely art expert working for a mysterious and reclusive heiress finds not only her art worth examining.,93533,2013
117,"['Action', 'Adventure', 'Drama']",6.1,377062,47,27837,Flight of the Phoenix (2004),Survivors of a plane crash in the Mongolian desert work together to build a new plane.,49332,2004
118,['Drama'],6.6,1533013,62,90353,Beautiful Boy (2010),"A married couple on the verge of separation are leveled by the news their 18-year-old son committed a mass shooting at his college, then took his own life.",5995,2010
119,"['Action', 'Drama', 'War']",6.8,373283,56,27816,Saints and Soldiers (2003),Four American soldiers and one Brit fighting in Europe during World War II struggle to return to Allied territory after being separated from U.S. forces during the historic Malmedy Massacre.,19097,2003
120,"['Comedy', 'Drama']",6.7,290823,75,5512,Raye makhfi (2001),A female election agent and a gun-toting soldier try to collect votes among the local islanders with mixed success.,1143,2001
121,"['Documentary', 'Sport']",7.7,275309,76,5325,Dogtown and Z-Boys (2001),Documentary about the pioneering 1970s Zephyr skating team.,11309,2001
122,"['Biography', 'Comedy', 'Drama']",6.8,975645,55,98585,Hitchcock (2012),The relationship between Alfred Hitchcock and his wife Alma Reville during the filming of Psycho (1960) in 1959 is explored.,67492,2012
123,['Documentary'],7.8,235327,75,7932,Dark Days (2000),A cinematic portrait of the homeless population who live permanently in the underground tunnels of New York City.,6010,2000
124,"['Action', 'Adventure', 'Thriller']",5.9,118928,43,1438,Dante's Peak (1997),"A vulcanologist arrives at a countryside town recently named the second most desirable place to live in America, and discovers that the long dormant volcano, Dante's Peak, may wake up at any moment.",72244,1997
125,"['Drama', 'Sci-Fi', 'Thriller']",7.8,119177,64,1653,Gattaca (1997),A genetically inferior man assumes the identity of a superior one in order to pursue his lifelong dream of space travel.,255967,1997
126,"['Drama', 'Fantasy', 'Horror']",6.4,1596365,62,92422,The Woman in Black (2012),A young solicitor travels to a remote village where he discovers the vengeful ghost of a scorned woman is terrorizing the locals.,163406,2012
127,"['Animation', 'Adventure', 'Comedy']",7.2,1192628,75,84944,Rango (2011),"Rango is an ordinary chameleon who accidentally winds up in the town of Dirt, a lawless outpost in the Wild West in desperate need of a new sheriff.",212026,2011
128,"['Animation', 'Adventure', 'Comedy']",5.5,1411704,41,86059,Hop (2011),"E.B., the Easter Bunny's teenage son, heads to Hollywood, determined to become a drummer in a rock 'n' roll band. In LA, he's taken in by Fred after the out-of-work slacker hits E.B. with his car.",28108,2011
129,"['Animation', 'Adventure', 'Comedy']",7.5,312004,87,38038,The Curse of the Were-Rabbit (2005),"Wallace and his loyal dog, Gromit, set out to discover the mystery behind the garden sabotage that plagues their village and threatens the annual giant vegetable growing contest.",113465,2005
130,"['Drama', 'History', 'Mystery']",7.8,1149362,82,71108,Das weiße Band - Eine deutsche Kindergeschichte (2009),"Strange events happen in a small village in the north of Germany during the years before World War I, which seem to be ritual punishment. Who is responsible?",61900,2009
131,"['Drama', 'Mystery']",6.9,3168230,67,135288,Mr. Holmes (2015),"An aged, retired Sherlock Holmes deals with early dementia, as he tries to remember his final case, and a mysterious woman, whose memory haunts him. He also befriends a fan, the young son of his housekeeper, who wants him to work again.",57204,2015
132,"['Documentary', 'Music']",7.1,7291268,63,178323,Gaga: Five Foot Two (2017),This documentary goes behind the scenes with pop provocateur Lady Gaga as she releases a bold new album and prepares for her Super Bowl halftime show.,9052,2017
133,"['Drama', 'Music', 'Romance']",7.7,249462,74,3967,Billy Elliot (2000),A talented young boy becomes torn between his unexpected love of dance and the disintegration of his family.,112290,2000
134,"['Comedy', 'Crime', 'Drama']",6,1220888,49,86028,Henry's Crime (2010),"Released from prison for a crime he didn't commit, an ex-con targets the same bank he was sent away for robbing.",17523,2010
135,"['Comedy', 'Romance']",6.1,1826590,62,109372,About Last Night (2014),Follow two couples as they journey from the bar to the bedroom and are eventually put to the test in the real world.,20748,2014
136,"['Action', 'Adventure', 'Fantasy']",6.6,121765,54,5378,Star Wars: Episode II - Attack of the Clones (2002),"Ten years after initially meeting, Anakin Skywalker shares a forbidden romance with Padmé Amidala, while Obi-wan Kenobi investigates an assassination attempt on the Senator and discovers a secret clone army crafted for the Jedi.",562669,2002
137,"['Biography', 'Crime', 'Drama']",8.1,264464,75,5989,Catch Me If You Can (2002),"A seasoned FBI agent pursues Frank Abagnale Jr. who, before his 19th birthday, successfully forged millions of dollars' worth of checks while posing as a Pan Am pilot, a doctor, and a legal prosecutor.",697290,2002
138,"['Action', 'Adventure', 'Biography']",8,1663202,76,139385,The Revenant (2015),A frontiersman on a fur trading expedition in the 1820s fights for survival after being mauled by a bear and left for dead by members of his own hunting team.,599818,2015
139,"['Comedy', 'Drama', 'Romance']",7,1082886,61,60293,The Wackness (2008),"It's the summer of 1994, and the streets of New York are pulsing with hip-hop. Set against this backdrop, a lonely teenager named Luke Shapiro spends his last summer before university selling marijuana throughout New York City, trading it with his unorthodox psychotherapist for treatment, while having a crush on his stepdaughter.",28904,2008
140,"['Action', 'Comedy', 'Crime']",6.3,4139124,63,155820,Keanu (2016),"When an L.A. drug kingpin's kitten unexpectedly enters the life of two cousins, they will have to go through gangs, hitmen and drug dealers who claim him in order to get him back.",40141,2016
141,"['Documentary', 'Comedy']",7.6,1352852,71,74677,The Yes Men Fix the World (2009),"Troublemaking duo Andy Bichlbaum and Mike Bonanno, posing as their industrious alter-egos, expose the people profiting from Hurricane Katrina, the faces behind the environmental disaster in Bhopal, and other shocking events.",5036,2009
142,['Comedy'],7.3,443453,89,48385,Borat: Cultural Learnings of America for Make Benefit Glorious Nation of Kazakhstan (2006),"Kazakh TV talking head Borat is dispatched to the United States to report on the greatest country in the world. With a documentary crew in tow, Borat becomes more interested in locating and marrying Pamela Anderson.",328421,2006
143,"['Comedy', 'Drama']",6.6,1592281,68,94931,Take This Waltz (2011),A happily married woman falls for the artist who lives across the street.,25556,2011
144,"['Comedy', 'Drama', 'Romance']",6.1,1234654,76,74916,Greenberg (2010),"A man from Los Angeles, who moved to New York years ago, returns to L.A. to figure out his life while he house-sits for his brother. He soon sparks with his brother's assistant.",33374,2010
145,"['Adventure', 'Comedy', 'Fantasy']",5.5,1240982,31,87529,Your Highness (2011),"When Prince Fabious's bride is kidnapped, he goes on a quest to rescue her... accompanied by his lazy useless brother Thadeous.",92149,2011
146,"['Comedy', 'Drama']",7.3,2170593,64,115231,St. Vincent (2014),"A young boy whose parents have just divorced finds an unlikely friend and mentor in the misanthropic, bawdy, hedonistic war veteran who lives next door.",88337,2014
147,['Comedy'],7.7,106677,78,441,Dazed and Confused (1993),The adventures of high school and junior high students on the last day of school in May 1976.,144553,1993
148,"['Biography', 'Drama']",7.6,986233,82,64197,Hunger (2008),Irish republican Bobby Sands leads the inmates of a Northern Irish prison in a hunger strike.,60335,2008
149,['Drama'],7.4,4975722,99,162414,Moonlight (2016),"A chronicle of the childhood, adolescence and burgeoning adulthood of a young, African-American, gay man growing up in a rough neighborhood of Miami.",216630,2016
150,"['Comedy', 'Drama', 'Thriller']",6.7,298798,51,5416,Cherish (2002),"After a martini-induced rampage, a fantasy-prone young woman is placed under house arrest.",2552,2002
151,['Comedy'],6.1,369994,57,46772,Strangers with Candy (2005),"A prequel to the critically acclaimed series featuring Jerri Blank, a forty-six-year-old ex-junkie, ex-con who returns to high school in a bid to start her life over.",7519,2005
152,"['Action', 'Sci-Fi', 'Thriller']",5.9,267804,25,4887,The One (2001),"A rogue Multiverse agent goes on a manhunt for versions of himself, getting stronger with each kill. With only one version remaining, he races against the clock to finish him and become ""The One.""",84598,2001
153,"['Action', 'Adventure', 'Thriller']",6.4,186566,73,3827,Space Cowboys (2000),"When a retired engineer is called upon to rescue a failing satellite, he insists that his equally old teammates accompany him into space.",67552,2000
154,"['Comedy', 'Music', 'War']",5.5,3164256,29,144716,Rock the Kasbah (2015),"A down-on-his-luck music manager discovers a teenage girl with an extraordinary voice while on a music tour in Afghanistan and takes her to Kabul to compete on the popular television show, Afghan Star.",9281,2015
155,"['Comedy', 'Crime', 'Drama']",7,115734,66,101,Bottle Rocket (1996),Three friends plan to pull off a simple robbery and go on the run.,63297,1996
156,"['Adventure', 'Drama', 'Fantasy']",8.7,167261,87,5952,The Lord of the Rings: The Two Towers (2002),"While Frodo and Sam edge closer to Mordor with the help of the shifty Gollum, the divided fellowship makes a stand against Sauron's new ally, Saruman, and his hordes of Isengard.",1318723,2002
157,"['Comedy', 'Drama', 'Romance']",6.9,250067,47,6342,The Trip (2002),"When 19-year-old gay-rights activist Tommy and 24-year-old Alan first meet in 1973, they find themselves on the opposite sides of the political coin. Despite their many differences, they ...
                    See full summary »",3546,2002
158,['Comedy'],6.4,1645170,58,94677,The Dictator (2012),The heroic story of a dictator who risked his life to ensure that democracy would never come to the country he so lovingly oppressed.,246628,2012
159,"['Adventure', 'Horror', 'Thriller']",5.3,2403021,38,133832,The Green Inferno (2013),"A group of student activists travels to the Amazon to save the rain forest and soon discover that they are not alone, and that no good deed goes unpunished.",32168,2013
160,"['Horror', 'Mystery', 'Thriller']",6,1233227,30,72129,Saw VI (2009),"Agent Strahm is dead, and FBI agent Erickson draws nearer to Hoffman. Meanwhile, a pair of insurance executives find themselves in another game set by Jigsaw.",91699,2009
161,"['Comedy', 'Drama', 'Romance']",7.2,287471,82,6202,Hatuna Meuheret (2001),"Zaza is a 31-year old Israeli bachelor, handsome and intelligent, and his family wants to see him married. But tradition dictates that Zaza has to choose a young virgin. She must be ...
                    See full summary »",2854,2001
162,"['Comedy', 'Drama']",7.2,1692486,61,90430,Carnage (2011),"Two pairs of parents hold a cordial meeting after their sons are involved in a fight, though as their time together progresses, increasingly childish behavior throws the discussion into chaos.",109946,2011
163,"['Comedy', 'Drama', 'Romance']",6.5,434139,57,47970,The Last Kiss (2006),"Michael'd have a great job, still have his 4 best friends, and be in love with a beautiful girl at 30. He loves Jenna but his life seems predictable until he meets a college girl. It seems that everybody's having relationship problems.",39765,2006
164,['Horror'],6.1,251736,31,6290,House of 1000 Corpses (2003),Two young couples traveling across the backwoods of Texas searching for urban legends of murder end up as prisoners of a bizarre and sadistic backwater family of serial killers.,68368,2003
165,"['Action', 'Crime', 'Drama']",7.1,259484,49,5786,Paid in Full (2002),"A young man from Harlem, forced to cope with the 1980s drug scene, builds an illegal empire, only to have a crisis of conscience.",9210,2002
166,['Drama'],7.3,416212,57,62553,The Secret Life of Bees (2008),"In 1964, a teenage girl in search of the truth about her mother runs away to a small town in South Carolina and finds a family of independent women who can connect her to her past.",22334,2008
167,"['Comedy', 'Crime']",6.3,100212,35,2249,My Blue Heaven (1990),"An all too uptight FBI agent must protect a larger than life mobster with a heart of gold, currently under witness protection in the suburbs.",17212,1990
168,"['Comedy', 'Romance']",6.6,386588,58,31685,Hitch (2005),"While helping his latest client woo the fine lady of his dreams, a professional ""date doctor"" finds that his game doesn't quite work on the gossip columnist with whom he's smitten.",274210,2005
169,"['Comedy', 'Drama', 'Romance']",7,274812,63,5617,Secretary (2002),"A young woman, recently released from a mental hospital, gets a job as a secretary to a demanding lawyer, where their employer-employee relationship turns into a sexual, sadomasochistic one.",76355,2002
170,"['Drama', 'Music']",7,120879,65,2337,Velvet Goldmine (1998),"In 1984, British journalist Arthur Stuart investigates the career of 1970s glam superstar Brian Slade, who was heavily influenced in his early years by hard-living and rebellious American singer Curt Wild.",31364,1998
171,['Drama'],7,935075,76,82767,Rabbit Hole (2010),Life for a happy couple is turned upside down after their young son dies in an accident.,44910,2010
172,"['Action', 'Adventure', 'Fantasy']",5.7,120667,40,34150,Fantastic Four (2005),"A group of astronauts gain superpowers after a cosmic radiation exposure and must use them to oppose the plans of their enemy, Doctor Victor Von Doom.",293303,2005
173,"['Action', 'Adventure', 'Romance']",5.9,386140,47,39435,The Legend of Zorro (2005),"Despite trying to keep his swashbuckling to a minimum, a threat to California's pending statehood causes the adventure-loving Alejandro de la Vega (Banderas) -- and his wife, Elena (Zeta-Jones) -- to take action.",84252,2005
174,"['Adventure', 'Comedy', 'Romance']",6.5,1135985,49,63479,Sex Drive (2008),A high school senior drives cross-country with his best friends to hook up with a babe he met online.,79101,2008
175,"['Drama', 'Horror']",6.8,2321549,86,112515,The Babadook (2014),"A widowed mother, plagued by the violent death of her husband, battles with her son's fear of a monster lurking in the house, but soon discovers a sinister presence all around her.",165956,2014
176,"['Drama', 'Horror']",7,454931,82,55067,Requiem (2006),"An epileptic girl suffers a breakdown during her first year at university, then decides to seek help from a priest in battling the troubles associated with her strict upbringing.",5284,2006
177,"['Comedy', 'Drama', 'Romance']",6.3,808399,49,71823,"New York, I Love You (2008)","Several love stories set in one of the most loved cities of the world, New York City.",42678,2008
178,"['Comedy', 'Drama', 'Music']",8,3544112,79,156387,Sing Street (2016),A boy growing up in Dublin during the 1980s escapes his strained family life by starting a band to impress the mysterious girl he likes.,72261,2016
179,"['Adventure', 'Crime', 'Drama']",7.4,103074,88,3418,Thelma & Louise (1991),"Two best friends set out on an adventure, but it soon turns around to a terrifying escape from being hunted by the police, as these two girls escape for the crimes they committed.",119438,1991
180,"['Action', 'Adventure', 'Thriller']",6.6,1764651,51,91485,The Expendables 2 (2012),"Mr. Church reunites the Expendables for what should be an easy paycheck, but when one of their men is murdered on the job, their quest for revenge puts them deep in enemy territory and up against an unexpected threat.",274249,2012
181,"['Horror', 'Mystery', 'Thriller']",5.4,3322940,37,114713,Annabelle (2014),A couple begins to experience terrifying supernatural occurrences involving a vintage doll shortly after their home is invaded by satanic cultists.,117758,2014
182,['Horror'],5.4,273517,15,27434,Darkness (2002),"A teenage girl moves into a remote countryside house with her family, only to discover that their gloomy new home has a horrifying past that threatens to destroy the family.",17971,2002
183,"['Action', 'Drama', 'Thriller']",7.1,758774,57,62374,Body of Lies (2008),A CIA agent on the ground in Jordan hunts down a powerful terrorist leader while being caught between the unclear intentions of his American supervisors and Jordan Intelligence.,196686,2008
184,"['Biography', 'Crime', 'Drama']",6.6,1616195,59,90719,J. Edgar (2011),"J. Edgar Hoover, powerful head of the F.B.I. for nearly 50 years, looks back on his professional and personal life.",114632,2011
185,['Comedy'],6.7,469754,71,50842,Direktøren for det hele (2006),An IT company hires an actor to serve as the company's president in order to help the business get sold to a cranky Icelander.,10137,2006
186,"['Action', 'Comedy', 'Family']",5.5,1273678,27,74580,The Spy Next Door (2010),"Former C.I.A. spy Bob Ho takes on his toughest assignment to date: looking after his girlfriend's three kids, who haven't exactly warmed to their mom's beau.",36079,2010
187,"['Action', 'Crime', 'Thriller']",6.1,120008,42,1769,The Replacement Killers (1998),"A troubled hitman seeks aid from a forger to help him get papers to China. However, the drug lord has hired replacements to finish the job, and kill the hitman.",25304,1998
188,"['Comedy', 'Crime']",5.4,331933,35,31867,Man of the House (2005),A Texas Ranger must protect a group of cheerleaders who have witnessed a murder.,21563,2005
189,"['Crime', 'Drama', 'Thriller']",8.5,407887,85,48516,The Departed (2006),An undercover cop and a mole in the police attempt to identify each other while infiltrating an Irish gang in South Boston.,1052331,2006
190,"['Documentary', 'War']",7.4,380615,64,7440,Paper Clips (2004),"As a part of their study of the Holocaust, the children of the Whitwell, TN Middle School try to collect 6 million paper clips representing the 6 million Jews killed by the Nazis, and grows to include millions of others killed.",1640,2004
191,"['Comedy', 'Romance']",5.7,1334512,36,86293,Arthur (2011),A drunken playboy stands to lose a wealthy inheritance when he falls for a woman his family doesn't like.,48539,2011
192,['Documentary'],7.7,326306,72,5619,The Trials of Henry Kissinger (2002),"A film about the war crimes of the American diplomat, Henry Kissinger.",1858,2002
193,"['Adventure', 'Comedy', 'Drama']",7.4,825232,42,56587,The Bucket List (2007),Two terminally ill men escape from a cancer ward and head off on a road trip with a wish list of to-dos before they die.,210805,2007
194,"['Action', 'Drama', 'Thriller']",6.5,118571,61,1608,Air Force One (1997),"Communist Radicals hijack Air Force One with The U.S. President and his family on board. The Vice President negotiates from Washington D.C., while the President, a Veteran, fights to rescue the hostages on board.",164914,1997
195,"['Action', 'Crime', 'Drama']",6.2,1893256,43,103366,Hummingbird (2013),"Homeless and on the run from a military court martial, a damaged ex-special forces soldier navigating London's criminal underworld seizes an opportunity to assume another man's identity -- transforming into an avenging angel in the process.",60287,2013
196,"['Action', 'Horror', 'Sci-Fi']",6.7,120804,33,5219,Resident Evil (2002),"A special military unit fights a powerful, out-of-control supercomputer and hundreds of scientists who have mutated into flesh-eating creatures after a laboratory accident.",228464,2002
197,"['Drama', 'Music']",5.8,120577,33,2188,54 (1998),The famous 1970s New York City nightclub seen and told through the eyes of a young employee.,30019,1998
198,"['Drama', 'Romance']",7.2,309987,62,7265,The Dreamers (2003),A young American studying in Paris in 1968 strikes up a friendship with a French brother and sister. Set against the background of the '68 Paris student riots.,98640,2003
199,"['Comedy', 'Drama', 'Romance']",6.2,1018785,63,61071,The Sisterhood of the Traveling Pants 2 (2008),Four college freshmen and best friends find that it may take more than a shared pair of jeans to help them stay in touch as their lives go in different directions.,24983,2008
200,"['Biography', 'Drama']",8,454921,64,47099,The Pursuit of Happyness (2006),A struggling salesman takes custody of his son as he's poised to begin a life-changing professional career.,398170,2006
201,"['Action', 'Sci-Fi', 'Thriller']",6.4,452608,43,61248,Death Race (2008),Ex-con Jensen Ames is forced by the warden of a notorious prison to compete in our post-industrial world's most popular sport: a car race in which inmates must brutalize and kill one another on the road to victory.,185502,2008
202,"['Comedy', 'Drama']",6.7,3179568,38,119068,"Men, Women & Children (2014)","A group of high school teenagers and their parents attempt to navigate the many ways the Internet has changed their relationships, their communications, their self-images, and their love lives.",27650,2014
203,"['Drama', 'War']",6.5,245171,55,5615,Invincible (2001),A Jewish strongman performs in Berlin as the blond Aryan hero Siegfried.,3824,2001
204,['Comedy'],7,269743,66,78626,Flandersui gae (2000),An idle part-time college lector is annoyed by the yapping sound of a near-by dog. He decides to take drastic action.,3711,2000
205,"['Action', 'Adventure', 'Drama']",5.9,1517260,35,101577,The Host (2013),"When an unseen enemy threatens mankind by taking over their bodies and erasing their memories, Melanie will risk everything to protect the people she cares most about, proving that love can conquer all in a dangerous new world.",104326,2013
206,"['Drama', 'Romance', 'War']",7.4,116209,87,1183,The English Patient (1996),"At the close of WWII, a young nurse tends to a badly-burned plane crash victim. His past is shown in flashbacks, revealing an involvement in a fateful love affair.",163450,1996
207,"['Drama', 'Mystery', 'Romance']",6.8,120834,44,3185,Snow Falling on Cedars (1999),"A Japanese-American fisherman is accused of killing his neighbor at sea. In the 1950s, race figures into the trial. So does reporter Ishmael.",13121,1999
208,['Drama'],6.8,300214,78,5951,Morvern Callar (2002),"After her beloved husband's suicide, a mourning supermarket worker and her best friend hit the road in Scotland, but find that grief is something that you can't run away from forever.",8241,2002
209,"['Drama', 'Mystery', 'Thriller']",7.5,1242460,68,90376,We Need to Talk About Kevin (2011),"Kevin's mother struggles to love her strange child, despite the increasingly dangerous things he says and does as he grows up. But Kevin is just getting started, and his final act will be beyond anything anyone imagined.",120863,2011
210,"['Action', 'Adventure', 'Thriller']",6.4,116253,62,494,Executive Decision (1996),"When terrorists seize control of an airliner, an intelligence analyst accompanies a commando unit for a midair boarding operation.",46009,1996
211,"['Comedy', 'Fantasy', 'Horror']",7.1,116365,52,799,The Frighteners (1996),"After a tragic car accident kills his wife, a man discovers he can communicate with the dead to con people. However, when a demonic spirit appears, he may be the only one who can stop it from killing the living and the dead.",75879,1996
212,['Documentary'],8,334416,72,6269,Stevie (2002),"In 1995, director Steve James (of 'Hoop Dreams') returned to rural Southern Illinois to reconnect with Stevie Fielding, a troubled young boy to whom he had been an ""Advocate Big Brother"" ten years earlier.",2298,2002
213,"['Comedy', 'Family', 'Romance']",3.6,158622,27,3564,The Flintstones in Viva Rock Vegas (2000),"In this live-action prequel to the 1994 comedy hit, the Flintstones and the Rubbles go on a trip to Rock Vegas, where Wilma is pursued by playboy Chip Rockefeller.",18721,2000
214,"['Comedy', 'Drama']",6.9,1262981,69,71429,World's Greatest Dad (2009),"When his son's body is found in a humiliating accident, a lonely high school teacher inadvertently attracts an overwhelming amount of community and media attention after covering up the truth with a phony suicide note.",35202,2009
215,"['Horror', 'Thriller']",5.1,3835080,35,163981,31 (2016),"Five carnival workers are kidnapped and held hostage in an abandoned, Hell-like compound where they are forced to participate in a violent game, the goal of which is to survive twelve hours against a gang of sadistic clowns.",14539,2016
216,"['Documentary', 'Comedy']",6.9,379593,68,27850,The Yes Men (2003),"Anti-corporate activists travel from conference to conference, impersonating member of the World Trade Organization.",5503,2003
217,"['Animation', 'Action', 'Adventure']",6.5,892782,56,67408,Monsters vs. Aliens (2009),A woman transformed into a giant after she is struck by a meteorite on her wedding day becomes part of a team of monsters sent in by the U.S. government to defeat an alien mastermind trying to take over Earth.,133250,2009
218,"['Action', 'Drama', 'Thriller']",6.2,2172934,40,109569,3 Days to Kill (2014),A dying CIA agent trying to reconnect with his estranged daughter is offered an experimental drug that could save his life in exchange for one last assignment.,80441,2014
219,"['Animation', 'Adventure', 'Comedy']",6.8,451079,71,58299,Horton Hears a Who! (2008),Horton the Elephant struggles to protect a microscopic community from his neighbors who refuse to believe it exists.,119593,2008
220,"['Action', 'Crime', 'Drama']",6.5,252503,66,4889,Heist (2001),"A career jewel thief finds himself at tense odds with his longtime partner, a crime boss who sends his nephew to keep watch.",30823,2001
221,"['Animation', 'Adventure', 'Comedy']",6.4,1860353,58,103755,Turbo (2013),A freak accident might just help an everyday garden snail achieve his biggest dream: winning the Indy 500.,72876,2013
222,"['Comedy', 'Drama', 'Romance']",6.7,437777,64,43684,Something New (2006),"Kenya McQueen, an accountant finds love in the most unexpected place when she agrees to go on a blind date with Brian Kelly, a sexy and free-spirited landscaper.",11888,2006
223,"['Drama', 'Romance', 'Thriller']",6.5,1535970,34,93502,The Ledge (2011),"A police officer looks to talk down a young man lured by his lover's husband to the ledge of a high rise, where he has one hour to contemplate a fateful decision.",17547,2011
224,"['Drama', 'Romance']",8.3,119217,70,1704,Good Will Hunting (1997),"Will Hunting, a janitor at M.I.T., has a gift for mathematics, but needs help from a psychologist to find direction in his life.",749245,1997
225,"['Comedy', 'Drama']",6.5,1687281,72,88746,Terri (2011),The story of a bullied fifteen-year-old boy in a small town as he struggles to adjust to his difficult life.,9123,2011
226,"['Action', 'Comedy', 'Crime']",5.5,284490,32,5220,Showtime (2002),"A spoof of buddy cop movies where two very different cops are forced to team up on a new reality based television cop show, while tracking down the manufacturer and distributor of an illegally made semi-automatic firearm.",57046,2002
227,"['Biography', 'Drama']",7.2,787524,56,157122,The Man Who Knew Infinity (2015),"The story of the life and academic career of the pioneer Indian mathematician, Srinivasa Ramanujan, and his friendship with his mentor, Professor G.H. Hardy.",41904,2015
228,"['Action', 'Crime', 'Thriller']",8.1,266697,69,6874,Kill Bill: Vol. 1 (2003),"After awakening from a four-year coma, a former assassin wreaks vengeance on the team of assassins who betrayed her.",885850,2003
229,"['Drama', 'Thriller']",6.1,109635,58,225,Disclosure (1994),"A computer specialist is sued for sexual harassment by a former lover turned boss who initiated the act forcefully, which threatens both his career and his personal life.",41728,1994
230,"['Biography', 'Drama', 'History']",6.3,116250,45,1416,Evita (1996),"The hit musical based on the life of Evita Duarte, a B-picture Argentinian actress who eventually became the wife of Argentinian president Juan Perón, and the most beloved and hated woman in Argentina.",31865,1996
231,"['Biography', 'Drama', 'Romance']",6.5,422295,50,49666,Fur: An Imaginary Portrait of Diane Arbus (2006),"Turning her back on her wealthy, established family, Diane Arbus falls in love with Lionel Sweeney, an enigmatic mentor who introduces Arbus to the marginalized people who help her become one of the most revered photographers of the twentieth century.",14453,2006
232,"['Action', 'Crime', 'Thriller']",6.5,244244,32,4344,Swordfish (2001),"A covert counter-terrorist unit called Black Cell led by Gabriel Shear wants the money to help finance their war against international terrorism, but it's all locked away. Gabriel brings in convicted hacker Stanley Jobson to help him.",167584,2001
233,"['Action', 'Adventure', 'Drama']",7.3,3967856,75,171765,Okja (2017),"A young girl risks everything to prevent a powerful, multinational company from kidnapping her best friend - a fascinating beast named Okja.",68451,2017
234,['Drama'],7.2,247199,75,5379,The Believer (2001),A young Jewish man develops a fiercely anti-Semitic philosophy. Based on the factual story of a K.K.K. member in the 1960s who was revealed to be Jewish by a New York Times reporter.,34070,2001
235,"['Action', 'Drama', 'Thriller']",6.5,349710,47,8908,Ladder 49 (2004),"A firefighter, injured and trapped in a burning building, has flashbacks of his life as he drifts in and out of consciousness. Meanwhile, fellow firefighters led by the Chief attempt to rescue him.",52101,2004
236,"['Biography', 'Drama', 'Music']",6.7,120094,67,1487,Selena (1997),"The true story of Selena Quintanilla-Perez, a Texas-born Tejano singer who rose from cult status to performing at the Astrodome, as well as having chart topping albums on the Latin music charts.",21977,1997
237,['Comedy'],6.2,4501244,39,167018,Why Him? (2016),A holiday gathering threatens to go off the rails when Ned Fleming realizes that his daughter's Silicon Valley millionaire boyfriend is about to pop the question.,87057,2016
238,"['Action', 'Drama', 'Romance']",7.5,316356,67,6617,Open Range (2003),A former gunslinger is forced to take up arms again when he and his cattle crew are threatened by a corrupt lawman.,61063,2003
239,"['Crime', 'Drama', 'Horror']",6.7,1911644,51,101360,The Call (2013),"When a veteran 911 operator takes a life-altering call from a teenage girl who has just been abducted, she realizes that she must confront a killer from her past in order to save the girl's life.",102190,2013
240,"['Crime', 'Drama', 'Thriller']",5.3,2212008,28,109723,The Bag Man (2014),"A criminal bides his time at a seedy motel, waiting for his boss after killing several men and making away with a mystery bag.",15330,2014
241,"['Adventure', 'Drama', 'Family']",4.8,484562,38,55259,The Seeker: The Dark Is Rising (2007),A boy's life is turned upside down when he learns that he is the last of a group of immortal warriors who have dedicated their lives to fighting the forces of the dark.,14138,2007
242,"['Comedy', 'Romance']",6.4,119360,70,1614,In & Out (1997),A midwestern teacher questions his sexuality after a former student makes a comment about him at the Academy Awards.,35715,1997
243,"['Comedy', 'Drama']",7.3,323872,75,7297,Salmer fra kjøkkenet (2003),A scientific observer's job of observing an old cantankerous single man's kitchen habits is complicated by his growing friendship with him.,7642,2003
244,"['Action', 'Comedy', 'Crime']",4.4,2968804,29,116419,Drive Hard (2014),A former race car driver is abducted by a mysterious thief and forced to be the wheel-man for a crime that puts them both in the sights of the cops and the mob.,3842,2014
245,"['Animation', 'Adventure', 'Comedy']",8,103639,86,588,Aladdin (1992),"When a street urchin vies for the love of a beautiful princess, he uses a genie's magic power to make himself off as a prince in order to marry her.",311887,1992
246,"['Crime', 'Drama', 'Romance']",6.6,162677,67,2702,Summer of Sam (1999),"Spike Lee's take on the ""Son of Sam"" murders in New York City during the summer of 1977 centering on the residents of an Italian-American Northeast Bronx neighborhood who live in fear and distrust of one another.",33706,1999
247,"['Biography', 'Drama', 'History']",5.7,3210686,37,109897,Son of God (2014),"The life story of Jesus is told from his humble birth through his teachings, crucifixion and ultimate resurrection.",17325,2014
248,"['Animation', 'Action', 'Adventure']",7.2,1302011,67,87222,Kung Fu Panda 2 (2011),"Po and his friends fight to stop a peacock villain from conquering China with a deadly new weapon, but first the Dragon Warrior must come to terms with his past.",222526,2011
249,"['Drama', 'Mystery', 'Romance']",5.1,156934,38,2906,Random Hearts (1999),"A police sergeant and a congresswoman both lose their spouses in a plane crash, and they soon discover that their spouses were having an affair with each other.",18618,1999
250,"['Action', 'Adventure', 'Sci-Fi']",5.6,364970,26,61350,Babylon A.D. (2008),Veteran-turned-mercenary Toorop takes the high-risk job of escorting a woman from Russia to America. Little does he know that she is host to an organism that a cult wants to harvest in order to produce a genetically modified Messiah.,88946,2008
251,"['Drama', 'Thriller']",6.8,163988,70,2976,Bringing Out the Dead (1999),"Haunted by the patients he failed to save, an extremely burned-out Manhattan ambulance paramedic fights to maintain his sanity over three fraught and turbulent nights.",58217,1999
252,"['Crime', 'Drama', 'Mystery']",6.3,280665,59,5809,Femme Fatale (2002),"A woman tries to straighten out her life, even as her past as a con-woman comes back to haunt her.",31375,2002
253,"['Animation', 'Adventure', 'Comedy']",7.4,2872750,81,131656,Shaun the Sheep Movie (2015),"When Shaun decides to take the day off and have some fun, he gets a little more action than he bargained for. A mix up with the Farmer, a caravan and a very steep hill lead them all to the Big City and it's up to Shaun and the flock to return everyone safely to the green grass of home.",32091,2015
254,"['Comedy', 'Drama', 'Romance']",6.8,112346,67,11,The American President (1995),"Comedy-drama about a widowed U.S. President and a lobbyist who fall in love. It's all above-board, but ""politics is perception"", and sparks fly anyway.",47612,1995
255,"['Animation', 'Adventure', 'Comedy']",7.5,268380,60,5218,Ice Age (2002),"Set during the Ice Age, a sabertooth tiger, a sloth, and a wooly mammoth find a lost human infant, and they try to return him to his tribe.",391879,2002
256,"['Action', 'Drama', 'Sport']",7.3,390022,70,8937,Friday Night Lights (2004),"Based on H.G. Bissinger's book, which profiled the economically depressed town of Odessa, Texas and their heroic high school football team, The Permian High Panthers.",53500,2004
257,"['Comedy', 'Romance']",4.9,1742650,38,89388,I Don't Know How She Does It (2011),"A comedy centered on the life of Kate Reddy, a finance executive who is the breadwinner for her husband and two kids.",18319,2011
258,"['Crime', 'Drama']",7.4,247425,86,4903,In the Bedroom (2001),A New England couple's college-aged son dates an older woman who has two small children and an unwelcome ex-husband.,35074,2001
259,"['Drama', 'History', 'Romance']",7.2,332452,56,7458,Troy (2004),"An adaptation of Homer's great epic, the film follows the assault on Troy by the united Greek forces and chronicles the fates of the men involved.",443909,2004
260,"['Drama', 'Mystery', 'Sci-Fi']",6.7,286106,59,5502,Signs (2002),A family living on a farm finds mysterious crop circles in their fields which suggests something more frightening to come.,310782,2002
261,"['Crime', 'Drama', 'Horror']",7.2,331811,65,27674,11:14 (2003),"The events leading up to an 11:14 p.m. car crash, from five very different perspectives.",41637,2003
262,"['Action', 'Horror', 'Thriller']",6.1,120877,42,2328,Vampires (1998),"Recovering from an ambush that killed his entire team, a vengeful vampire slayer must retrieve an ancient Catholic relic that, should it be acquired by vampires, will allow them to walk in sunlight.",48267,1998
263,"['Crime', 'Drama', 'Mystery']",6.3,1175709,57,82378,All Good Things (2010),"Mr. David Marks was suspected but never tried for killing his wife Katie who disappeared in 1982, but the truth is eventually revealed.",48907,2010
264,"['Drama', 'Thriller']",6.6,1598778,70,89470,Contagion (2011),"Healthcare professionals, government officials and everyday people find themselves in the midst of a worldwide epidemic as the CDC works to find a cure.",199138,2011
265,"['Drama', 'Romance', 'Comedy']",4.9,306734,51,6596,Le divorce (2003),French vs. American social customs and behaviors are observed in a story about an American visiting her Frenchman-wed sister in Paris.,10515,2003
266,"['Adventure', 'Comedy', 'Drama']",7.3,359950,54,106918,The Secret Life of Walter Mitty (2013),"When his job along with that of his co-worker are threatened, Walter takes action in the real world embarking on a global journey that turns into an adventure more extraordinary than anything he could have ever imagined.",271738,2013
267,"['Comedy', 'Romance']",5.9,417001,46,34336,Must Love Dogs (2005),"A forty-something preschool teacher looks to the personals for a change of pace and a relationship, with hilarious results.",28937,2005
268,"['Drama', 'Romance']",7.7,114388,84,17,Sense and Sensibility (1995),"Rich Mr. Dashwood dies, leaving his second wife and her three daughters poor by the rules of inheritance. The two eldest daughters are the titular opposites.",90357,1995
269,"['Drama', 'Romance', 'Thriller']",7.6,416320,72,41285,Match Point (2005),"At a turning point in his life, a former tennis pro falls for an actress who happens to be dating his friend and soon-to-be brother-in-law.",188756,2005
270,"['Action', 'Adventure', 'Comedy']",5.9,355295,51,36401,The Brothers Grimm (2005),Will and Jake Grimm are traveling con-artists who encounter a genuine fairy-tale curse which requires true courage instead of their usual bogus exorcisms.,109206,2005
271,"['Comedy', 'Crime', 'Drama']",7.1,1632547,66,89582,Tsumetai nettaigyo (2010),"When Syamoto's teenage daughter is caught stealing, a generous middle-aged man helps resolve the situation. The man and his wife offer to have Syamoto's troublesome daughter work at their ...
                    See full summary »",9458,2010
272,['Comedy'],6.6,1674771,38,134783,Entourage (2015),"Movie star Vincent Chase, together with his boys Eric, Turtle, and Johnny, are back - and back in business with super agent-turned-studio head Ari Gold on a risky project that will serve as Vince's directorial debut.",70586,2015
273,"['Drama', 'Thriller']",5,108162,38,540,Sliver (1993),"A woman moves into an exclusive New York City apartment building, which she soon discovers houses tenants with all manner of shocking secrets.",26004,1993
274,"['Biography', 'Drama', 'Romance']",7.1,416508,55,51834,Becoming Jane (2007),A biographical portrait of a pre-fame Jane Austen and her romance with a young Irishman.,53610,2007
275,['Comedy'],1.9,1213644,15,61348,Disaster Movie (2008),"Over the course of one evening, an unsuspecting group of twenty-somethings find themselves bombarded by a series of natural disasters and catastrophic events.",81770,2008
276,"['Action', 'Adventure', 'Family']",6.4,102803,61,2094,The Rocketeer (1991),A young pilot stumbles onto a prototype jetpack that allows him to become a high flying masked hero.,47880,1991
277,"['Comedy', 'Mystery', 'Sci-Fi']",5.1,2637294,29,128975,Hot Tub Time Machine 2 (2015),"When Lou gets killed, Nick and Jacob fire up the hot tub time machine to get back to the past, but they inadvertently land in the future with Adam Jr. Now they have to alter the future in ...
                    See full summary »",33930,2015
278,"['Action', 'Comedy', 'Crime']",6.7,1386588,64,79592,The Other Guys (2010),"Two mismatched New York City detectives seize an opportunity to step up like the city's top cops, whom they idolize, only things don't quite go as planned.",217876,2010
279,"['Comedy', 'Horror']",5.7,2274570,62,105325,Bad Milo! (2013),A man learns that his unusual stomach pains are being caused by a demon living in his intestines.,6318,2013
280,"['Comedy', 'Drama', 'Mystery']",6.5,295552,60,5083,Rare Birds (2001),A down-and-out restaurateur and his neighbor hatch a plan to lure luminaries to their small Newfoundland town.,1489,2001
281,['Thriller'],4.5,2263814,39,160440,The Maid's Room (2013),"THE MAID'S ROOM is a psychological thriller that explores the complex relationships between truth and justice, hubris and power, wealth and fear.",872,2013
282,"['Comedy', 'Drama', 'Romance']",6.1,1715873,61,98230,10 Years (2011),"The night of their high school reunion, a group of friends realize they still haven't quite grown up in some ways.",22174,2011
283,"['Comedy', 'Drama', 'Romance']",6.4,3774466,46,143257,Ashby (2015),"High-school student Ed Wallis enters into a friendship with his neighbor, Ashby, a retired CIA assassin who only has a few months left to live.",13280,2015
284,"['Drama', 'Romance']",6.9,299458,71,6159,All the Real Girls (2003),Small-town love story of a young man with a reputation for womanizing and his best friend's sister.,9918,2003
285,"['Comedy', 'Romance']",6.4,251127,45,6155,How to Lose a Guy in 10 Days (2003),"Benjamin Barry is an advertising executive and ladies' man who, to win a big campaign, bets that he can make a woman fall in love with him in 10 days. Andie Anderson covers the ""How To"" beat for ""Composure"" magazine and is assigned to write an article on ""How to Lose a Guy in 10 days."" They meet in a bar shortly after the bet is made.",187186,2003
286,"['Comedy', 'Crime', 'Drama']",6.5,1151359,58,75813,Leaves of Grass (2009),"An Ivy League professor is lured back to his Oklahoma hometown, where his twin brother, a small-time pot grower, has concocted a scheme to take down a local drug lord.",25542,2009
287,"['Action', 'Adventure', 'Fantasy']",5.8,311429,30,6541,The League of Extraordinary Gentlemen (2003),"In an alternate Victorian Age world, a group of famous contemporary fantasy, science fiction and adventure characters team up on a secret mission.",155462,2003
288,"['Action', 'Adventure']",4.8,398913,38,50003,DOA: Dead or Alive (2006),"The world's best fighters are invited to DOA, an invitational martial arts contest. There, four female rival fighters will have to work together to uncover the secret that the organizer of the tournament is trying to hide.",41354,2006
289,"['Comedy', 'Drama']",7.1,2962876,31,131920,The Road Within (2014),A young man with Tourette's Syndrome embarks on a road trip with his recently-deceased mother's ashes.,12409,2014
290,"['Animation', 'Adventure', 'Comedy']",7.2,275847,73,5444,Lilo & Stitch (2002),A Hawaiian girl adopts an unusual pet who is actually a notorious extra-terrestrial fugitive.,146097,2002
291,['Comedy'],6.2,2531344,69,185473,Blockers (2018),Three parents try to stop their daughters from losing their virginity on prom night.,51104,2018
292,"['Biography', 'Drama']",8.2,268978,72,4995,A Beautiful Mind (2001),"After John Nash, a brilliant but asocial mathematician, accepts secret work in cryptography, his life takes a turn for the nightmarish.",754845,2001
293,"['Action', 'Comedy']",2.5,168172,16,2887,Simon Sez (1999),Basketball superstar Dennis Rodman stars as a hip Interpol agent attempting to defeat the deadly plans of a crazed arms dealer.,6411,1999
294,"['Comedy', 'Drama', 'Mystery']",5.5,405336,44,56003,Southland Tales (2006),"During a three day heat wave just before a huge 4th of July celebration, an action star stricken with amnesia meets up with a porn star who is developing her own reality TV project, and a policeman who holds the key to a vast conspiracy.",34748,2006
295,"['Crime', 'Horror', 'Thriller']",5.6,455960,28,50445,The Hitcher (2007),A serial killer pins his crimes on two college students who gave him a ride.,38110,2007
296,['Drama'],6.4,3832914,26,141668,War Room (2015),"A seemingly perfect family looks to fix their problems with the help of Miss Clara, an older, wiser woman.",11431,2015
297,['Drama'],7.1,113083,75,617,La flor de mi secreto (1995),"Leo Macias writes sentimental novels with great success but hidden under a pseudonym, Amanda Gris. She is unhappy with her professional life and with her husband, a soldier working in ...
                    See full summary »",9071,1995
298,"['Drama', 'Sport', 'Thriller']",6.2,417217,50,38992,Two for the Money (2005),"After suffering a career-ending knee injury, a former college football star aligns himself with one of the most renowned touts in the sports-gambling business.",40597,2005
299,['Drama'],7,255321,74,4780,Liam (2000),A family falls into poverty during the Depression.,2365,2000
